Series Name,Episode Name,Genre,Original Broadcast Date,Episode Length,Download Link,Play Link,File Size
The House,Series 1 Episode 1 - Fallout,Drama,1989.08.19,29:11,https://www.radioechoes.com/?page=play_download&mode=download,https://www.radioechoes.com/?page=play_download&mode=play,6.69 MB
The House,Series 1 Episode 2 - Clashes,Drama,1989.08.26,29:07,https://www.radioechoes.com/?page=play_download&mode=download,https://www.radioechoes.com/?page=play_download&mode=play,6.68 MB
The House,Christmas Special - Season's Greetings,Drama,1989.12.25,24:30,https://www.radioechoes.com/?page=play_download&mode=download,https://www.radioechoes.com/?page=play_download&mode=play,5.62 MB
15 Storeys High,The Entry Phone,Comedy,1999.11.24,28:04,https://www.radioechoes.com/?page=play_download&mode=download,https://www.radioechoes.com/?page=play_download&mode=play,6.44 MB
15 Storeys High,The Dead Swan,Comedy,1999.12.01,27:45,https://www.radioechoes.com/?page=play_download&mode=download,https://www.radioechoes.com/?page=play_download&mode=play,6.37 MB
A Story With Pictures,Episode 01 - The Proposition,Drama,1983.10.30,27:40,https://www.radioechoes.com/?page=play_download&mode=download,https://www.radioechoes.com/?page=play_download&mode=play,6.35 MB
Earthsearch 2,Part 01 Return,SciFi,1982.04.25,26:55,https://www.radioechoes.com/?page=play_download&mode=download,https://www.radioechoes.com/?page=play_download&mode=play,6.18 MB
Earthsearch 2,Part 10 Earth Voice,SciFi,1982.06.27,27:51,https://www.radioechoes.com/?page=play_download&mode=download,https://www.radioechoes.com/?page=play_download&mode=play,6.39 MB
P Division,Condition Purple - Episode One,Detective,1990.09.06,28:47,https://www.radioechoes.com/?page=play_download&mode=download,https://www.radioechoes.com/?page=play_download&mode=play,6.6 MB
Classic Serial,Emma - Part 1 Of 6 - The Unexpected Event,Drama,1983.02.13,52:46,https://www.radioechoes.com/?page=play_download&mode=download,https://www.radioechoes.com/?page=play_download&mode=play,24.17 MB
